{"llm_query_cost_breakdown": [0, 0.016457, 0.014421000000000002, 0.019909, 0.026181000000000003, 0.023369000000000004, 0.03572499999999999, 0.032521, 0.025513000000000004, 0.020587, 0.028579, 0.033733000000000006, 0.03546099999999999, 0.033201, 0.030533000000000005, 0.027497, 0.046949, 0.029805, 0.045829, 0.037253, 0.043941, 0.051019, 0.035565, 0.048557, 0.037867, 0.045325], "llm_query_time_breakdown": [0.3999466896057129, 5.821795225143433, 3.830138921737671, 4.0034966468811035, 6.352877855300903, 43.489553928375244, 9.412403106689453, 6.646878957748413, 47.938562870025635, 3.3184566497802734, 5.885929822921753, 6.856680393218994, 50.19579601287842, 5.173871278762817, 8.644766092300415, 45.28233313560486, 10.084104061126709, 44.12193036079407, 11.619094371795654, 9.873297929763794, 47.96783685684204, 47.5421929359436, 11.809746026992798, 10.51591420173645, 47.39673590660095, 9.411259651184082], "llm_query_cost": 0.8257969999999998, "llm_query_time": 503.59559988975525, "regrets": [[-0.2338124274099883, 0.3174240224545103, 0.4425619434765775, 0.7786996709252806, 0.551154181184669, 0.39112708091366616, 0.11759339914827704, 0.46897744870305835, 0.01462688734030182, 0.2240732675183894, 0.14685201316298868, 0.0, 0.038980836236933825, 0.1774196670538134, -0.01599883855981421, 0.003486740224545093, 0.041741676345334766, 0.009746418892760289, 0.00486837011227248, 0.01529713511420816, 0.26238143631436306, 0.010443283004258452, 0.008347851335656187, 0.012512098335269006, 0.02920780100658149]]}