{"llm_query_time_breakdown": [0.3871910572052002, 95.2862548828125, 100.18938493728638, 118.99799132347107, 86.32593178749084, 108.22512698173523, 105.42709183692932, 115.52215909957886, 85.78407502174377, 93.4018771648407, 112.37439107894897, 115.00853776931763, 130.90846586227417, 138.15570330619812, 134.62440991401672, 141.67832684516907, 142.85670685768127, 130.8501260280609, 119.59173679351807, 158.9937949180603, 112.52468419075012, 146.05887699127197, 131.98106122016907, 132.54345989227295, 99.10289525985718, 176.54301190376282], "llm_query_time": 3033.343272924423, "best_f_val": 0.7870499419279907, "regrets": [[0.44906842818428183, 0.12269405729771576, 0.1609683507549361, 0.1596254355400697, 0.10183894696089812, 0.11504065040650402, 0.1651640534262484, 0.1289876113046844, 0.15332946186604723, 0.26400019357336424, 0.19295876887340302, 0.12479916763453336, 0.1359393147502903, 0.13458672086720846, 0.1651398567557104, 0.12271583430120014, 0.14219173441734412, 0.1178837591947347, 0.1630734610917537, 0.14219173441734412, 0.16381629887727445, 0.15820025164537355, 0.12479916763453336, 0.1380589430894309, 0.1303789198606271]], "regrets_": [[0.5555485709496271, 0.15178646263634943, 0.1991361040267251, 0.1974747656165811, 0.12598632613719357, 0.1423183303997988, 0.20432666403247227, 0.1595723026449704, 0.1896859322054193, 0.3265981776165331, 0.23871187901864294, 0.1543907228468454, 0.16817234814468907, 0.16649903612438163, 0.20429673000706444, 0.1518134032592167, 0.17590730031011645, 0.14583557838523883, 0.20174036423722108, 0.17590730031011645, 0.20265933881724676, 0.19571165152004977, 0.1543907228468454, 0.17079456877043, 0.16129350910593046]], "rmse_arr_": [[0.11468600988362831, 0.11054823159117311, 0.0330454472248618, 0.050844991095625236, 0.014976851018899895, 0.04405438133952755, 0.05770093376812879, 0.012417876261949456, 0.04440139115897668, 0.15433588801780873, 0.0787572799845141, 0.023149466245644512, 0.023947288424312818, 0.0273267653116529, 0.045175967866821765, 0.01687463772000375, 0.03200284552845534, 0.002610177998153551, 0.030306552797135233, 0.018828645528455312, 0.003185767131242634, 0.045073300256484705, 0.011195653745644685, 0.025340125629113475, 0.022793602400309698]]}