{"llm_query_time_breakdown": [0.3327980041503906, 5.314687967300415, 7.571389198303223, 52.763787269592285, 6.985079288482666, 53.10119676589966, 8.301566123962402, 58.07963013648987, 56.289064168930054, 55.53384518623352, 12.245905876159668, 58.6660099029541, 58.52458190917969, 59.705310106277466, 66.68807458877563, 62.527342081069946, 62.97081112861633, 101.15624189376831, 63.58941960334778, 72.19948077201843, 103.73171782493591, 67.47841501235962, 106.43532419204712, 70.05302238464355, 108.44759726524353, 79.44937944412231], "llm_query_time": 1458.141678094864, "best_f_val": 0.9252747252747253, "regrets": [[1.0, 0.00799999999999997, 0.0, 0.05468750000000018, 0.04687499999999981, 0.007812499999999969, 0.03906250000000024, 3.9464959078472347e-16, 0.03125000000000027, 0.0, 0.10687022900763356, 0.007633587786259512, 0.03816793893129795, 0.08396946564885502, 0.12213740458015258, 0.061068702290076486, 0.0763358778625955, 0.061068702290076486, 0.015267175572519024, 0.038167938931297565, 0.05343511450381697, 0.06870229007633599, 0.05343511450381697, 0.061068702290076486, 0.11450381679389307]], "rmse_arr_": [[0.23330791263736284, 0.08021960989010979, 0.049450568681318585, 0.030000103296703218, 0.034505555494505735, 0.035201666483516525, 0.008458442307692438, 0.019434068681318473, 0.023928859890109844, 0.040849125274725395, 0.02274264450549457, 0.024070873076923238, 0.0551114142857142, 0.01254674890109897, 0.009758959890109886, 0.021046807692307712, 0.005994346703296682, 0.00416889230769224, 0.03816837087912106, 0.004684185714285749, 0.002519840109890148, 0.010365994505494247, 0.006864040109890168, 0.0029772423076922516, 0.018101457692307532]]}