{"llm_query_time_breakdown": [0.41692376136779785, 124.5861029624939, 150.64552307128906, 163.51598024368286, 123.76661610603333, 124.36262893676758, 156.78313183784485, 159.30076575279236, 133.83374333381653, 166.33644795417786, 137.56547474861145, 152.82769012451172, 144.86108708381653, 175.2577919960022, 138.1275680065155, 192.05089020729065, 165.89282298088074, 181.04483008384705, 206.21708583831787, 194.35277605056763, 164.40502405166626, 207.32496237754822, 151.30348992347717, 155.40819811820984, 195.64691638946533, 166.33030796051025], "llm_query_time": 4032.1647799015045, "best_f_val": 0.8440960123886952, "regrets": [[0.40109610917537736, 0.3342261904761905, 0.43443186217576446, 0.16860723964382496, 0.4441952187379016, 0.2410157762291909, 0.3141114982578397, 0.27023567557104144, 0.23475367789392165, 0.1505565234223769, 0.19853852109949655, 0.2904326364692218, 0.23543602400309704, 0.20829945799457994, 0.18602884243128137, 0.1783875338753388, 0.18605545876887342, 0.1811943476577622, 0.24584301200154857, 0.20273180410375524, 0.21599157955865267, 0.18465447154471537, 0.04479287650019359, 0.1804853852109949, 0.06569154084397977]], "regrets_": [[0.49620137217572463, 0.41347569955817387, 0.5374414789803272, 0.2085862758480309, 0.5495198582324556, 0.2981638468814733, 0.3885915442365028, 0.334312175964175, 0.29041692110588246, 0.18625549289366217, 0.2456146652777277, 0.3592981069722332, 0.29126106062238816, 0.2576900511273154, 0.2301387741417914, 0.22068560891794492, 0.23017170156974034, 0.22415795586527287, 0.3041356849503694, 0.25080223188093437, 0.26720607780451877, 0.228438521498617, 0.05541386783529104, 0.22328088892081843, 0.08126788558018117]], "rmse_arr_": [[0.0465674702864885, 0.04654142658730165, 0.19030970055960283, 0.11435776035617495, 0.2538276631823462, 0.019538987340302127, 0.11707088209622363, 0.054779286682152484, 0.04394833445957824, 0.029844532133178614, 0.03305450721060765, 0.09532538394396928, 0.05819796844754144, 0.030186902439024443, 0.015542553542392534, 0.013069260371065372, 0.018974641308555973, 0.016978569879984473, 0.09043225644599318, 0.0356146295005807, 0.054907468447541574, 0.027187138211382078, 0.11460924315792598, 0.09600295786056767, 0.010923075317636366]]}