{"llm_query_time_breakdown": [0.40875697135925293, 187.43765091896057, 181.70597505569458, 185.46954035758972, 164.78073453903198, 201.54932713508606, 200.91942691802979, 194.81757307052612, 142.65248680114746, 162.72078776359558, 197.11796593666077, 172.42163801193237, 190.12485098838806, 183.41254210472107, 153.6581199169159, 192.215811252594, 153.86039304733276, 190.09406423568726, 173.498850107193, 196.872243642807, 173.65307188034058, 187.12694692611694, 141.71318197250366, 159.87964630126953, 161.36415696144104, 176.21681761741638], "llm_query_time": 4425.692560434341, "best_f_val": 0.6631775067750678, "regrets": [[0.3162166085946574, 0.31468737901664734, 0.2974157955865272, 0.2820847851335655, 0.2541715060007743, 0.2298562717770034, 0.2939290553619821, 0.2507718737901664, 0.2542368370112271, 0.25911488579171504, 0.22571138211382102, 0.251413085559427, 0.2471956058846303, 0.2298562717770034, 0.24170538133952768, 0.2542368370112271, 0.247236740224545, 0.2632960704607046, 0.22846254355400686, 0.22846254355400686, 0.2430894308943089, 0.2514445412311266, 0.2430894308943089, 0.2542368370112271, 0.2542368370112271]], "regrets_": [[0.39119580444699886, 0.38930397404121325, 0.36793706670498216, 0.34897086820647283, 0.3144389764958033, 0.28435827436330324, 0.36362357364368925, 0.3102332459259791, 0.31451979836440475, 0.32055449788665785, 0.27923057581091265, 0.31102649759929113, 0.3058089969706767, 0.28435827436330324, 0.2990169666056013, 0.31451979836440475, 0.30585988481387016, 0.32572709747716033, 0.2826340744998023, 0.2826340744998023, 0.3007291928589389, 0.31106541183232156, 0.3007291928589389, 0.31451979836440475, 0.31451979836440475]], "rmse_arr_": [[0.022969608594657354, 0.11603795166622, 0.06986015669763834, 0.04472380533558573, 0.0002881171118853665, 0.07116095044521875, 0.05649166647309323, 0.025088348537641192, 0.011838948122338211, 0.018866854045683334, 0.020196814467375535, 0.02358962524196684, 0.015721535177559698, 0.00991428377855208, 0.010681569373715782, 0.02553111478900505, 0.019900768002322988, 0.03254827248090675, 0.0021149046651179892, 0.002694521331784827, 0.014355613433991499, 0.021905339842237748, 0.013502970576848683, 0.027143101968492123, 0.02456558448597468]]}