{"llm_query_time_breakdown": [0.6548371315002441, 5.7163472175598145, 6.331738233566284, 53.23873567581177, 53.94536304473877, 8.15686297416687, 53.55863690376282, 10.109572172164917, 56.22373104095459, 58.13010835647583, 9.863271951675415, 59.389419078826904, 59.65405511856079, 62.69406723976135, 59.9926917552948, 65.81507086753845, 93.21367406845093, 72.5093560218811, 64.56813907623291, 102.07783079147339, 73.0991439819336, 69.57685708999634, 110.79774713516235, 80.74748992919922, 104.35976386070251, 110.60274410247803], "llm_query_time": 1505.02725481987, "best_f_val": 0.6506629887727449, "regrets": [[0.39970238095238086, 0.2722730352303523, 0.4908149438637243, 0.7831131436314362, 0.43305023228803713, 0.39681571815718153, 0.32028890824622525, 0.30081300813008127, 0.4032181571815717, 0.34257162214479286, 0.39617934572202856, 0.29876113046844754, 0.3209857723577235, 0.40734610917537734, 0.2778334301200154, 0.3133009097948122, 0.40312379016647304, 0.4337349980642663, 0.2771680216802168, 0.3140655245838172, 0.30983352690669763, 0.2736619241192412, 0.2793505613627565, 0.30494096012388683, 0.2583236546651181]], "regrets_": [[0.4944771723122238, 0.33683262090352867, 0.6071937449860507, 0.9687997653172409, 0.5357322461295305, 0.49090604308104935, 0.3962337009231653, 0.37213980387226553, 0.49882658620400633, 0.4237999449213933, 0.4901187782128189, 0.3696013985176671, 0.39709580085491575, 0.5039333309386111, 0.34371145994228713, 0.3875887543853347, 0.49870984350491515, 0.5365793790485769, 0.3428882742435672, 0.3885346695882275, 0.3832992085443683, 0.3385508339619479, 0.3455883233353689, 0.37724654860687035, 0.3195756552558162]], "rmse_arr_": [[0.12743769206349198, 0.0009511536585365965, 0.23796745497483557, 0.30705780474254746, 0.06534400660085171, 0.037160720731707286, 0.05698243064266373, 0.05743618075880752, 9.071829268292309e-05, 0.015527066744095985, 0.03925300683313976, 0.026955008420441295, 0.010811783468834824, 0.12015632028648843, 0.08292110876887349, 0.015706620905923452, 0.04947305127758439, 0.04113425917537744, 0.10041206720867202, 0.01653506430507168, 0.014611511982191128, 0.00554618523035233, 0.1555819275261323, 0.003401478765001853, 0.07699698422377077]]}